,keyword,ad_link,ad_headline,ad_copy
0,Insurance,https://www.progressive.com/lp/insurance-superstore/?code=7171200257,Progressive® Car Insurance | Save an Average of $668‎,Get A Progressive Car Insurance Quote & Start Saving! Buy Online Today. Compare Rates. Mobile App. Loyalty Rewards Program. Roadside Assistance. Safe Driver Discount. Accident Forgiveness.
1,Insurance,https://www.geico.com/landingpage/go428/?soa=73880,GEICO Car Insurance | Get a Free Rate Quote | GEICO.com‎,"In just 15 minutes, you could save $500 or more on car insurance. Get a quote! Mobile App. Free Quotes. 24/7 Service & Claims. 75+ Years of Savings. Insurance coverage: Auto, Motorcycle, Home, Boat."
2,Insurance,https://www.cheapcarinsuranceusa.com/get-quotes?merchantKey=1128520&CCID=20290282204475239&QTR=ZZf201505041112340Za20290282Zg172Zw6Zm807Zc204475239Zs21191ZZ&CLK=132180416183646295&&exp=y,Compare Car Insurance Quotes | Find the Best Rates in 2 Mins‎,The Cheapest Auto Insurance Across the USA. Trusted Carriers from $19/Month! Save $500+/Year.
3,Insurance,https://usautoinsurancenow.com/,$29 Full Coverage Insurance | Overpaying for Auto Insurance?‎,Get cheap US auto insurance now. Start your free online quote and save $536! Fast & Easy.
4,Insurance,https://autoinsurance.insure.com/api/index.jsp,Cheap $19 Auto Insurance | Rates as Low as $18.99 a Month‎,Lower Your Monthly Insurance Costs With the Cheapest Rates From Top Carriers. Reference Article.
5,Insurance,http://ww1.goautoinsurance.com/,GoAuto Insurance | Excellent Customer Service‎,"An Easy Way for You to Get Your Own Low Cost Car Insurance. Get a Quote! Low Monthly Payments. Low Down Payment. Locations: Louisiana, Nevada."
6,Insurance,https://ratekick.com/?openaction=auto&v=google&c=C14720,$19 Cheap Car Insurance in LA | Cheapest Rates in Louisiana‎,"Get the cheapest Louisiana car insurance rates. Save $540/year when you compare. 60 Second Quote. Fast & Free. Compare & Save 40% Insurance coverage: Auto, Motorcycle, Liability, Collision, SR-22, Umbrella."
7,Loans,https://www.lendingtree.com/lp/personal-loans-p2-50k.html,"2019 Best Personal Loans | Get $1,000 - $50,000 in 24 hrs‎","Fast, Free Personal Loan Offers in Minutes. Compare Now & Find Your Best Offer!"
8,Loans,https://www.lendingclub.com/loans/landing/a/search-loans,Fast & Easy Online Application | 2019 Personal Loan Options‎,LendingClub.com® has Helped 2.5+ Million Customers Simplify Their Finances for 10+ Years. Get Customized Loan Options Based on Your Details. Apply in Minutes & Get Your Money Fast! Low Fixed Monthly Rates. One Fixed Monthly Payment. Simple & Fast Applicaiton.
9,Loans,https://www.magnifymoney.com/lp/personal-loan,"Best Personal Loans | Get $1,000 - $50,000 Fast | MagnifyMoney.com‎",Save Money By Comparing Loan Offers. Answer A Few Easy Questions & Find Your Best Rate!
10,Loans,https://dollarinstalments.com/loans/,"$200-$5,000 No Credit History | Loans Online in Three Minutes‎",Simple and easy multiple choice process so you get the funds you need fast. All credit histories are...
11,Loans,https://upfinances.com/,"$100-$5,000 Dollars Same Day | Fast Loans w/ No Credit Check‎","Low Rates. No Prepayment Penalty. No Obligation Fees. Loans Up To $5,000 - Apply Now. High Acceptance Rates. Same Day Funds. No Unemployed. Repay monthly. Open 24-7-365. Fast Approvals. No Credit History Needed. No Obligation. Bad Credit OK. No Military. Over 25's Only."
12,Loans,https://www.top10personalloans.com/,10 Best Personal Loans 2019 | Fast Approval - From 3.34% APR‎,Click Now & Choose the Best Online Personal Loan Option for You. Apply Today! Use Our Comparison Site & Find Out Which Lender Suites You The Best. Skip The Bank & Save! Low Interest Rates. Fast & Easy Approval. Reliable Service. Get Approved Today. BBB A+ Rated Companies.
13,Loans,https://www.prosper.com/,Don't Take Out A Personal Loan | Without Checking Prosper First‎,"Find your rate now and see how much you can save. Low rate loans up to $40K. Simple Approval Process. Get a Rate. Low Fixed Rates. Pay Off Your Debt. No Obligation. Loans up to 40k. Check Your Rate. Apply Online. Types: Debt Consolidation Loan, Personal Loans, Medical Expense Loans."
14,Mortgage,https://www.quickenloans.com/l/progpi,Quicken Loans® Mortgage | America's #1 Online Lender‎,Compare Mortgage Options & Calculate Payments. Apply Now With Quicken Loans®! Start Your Mortgage. Compare Loans. Great Incentives. Lock Your Rate. Get Approved Today. Skip the Bank.
15,Mortgage,https://www.upstart.com/,Upstart® | Apply for a Loan Online | upstart.com‎,"Start paying less interest with an Upstart® loan - check if you're eligible now! Secure Process. Low Rates. Highlights: Lower Rates, Friendly Team."
16,Mortgage,http://areahomelending.com/,Area Home Lending | Apply Now Quick Online Quotes‎,"The Perfect Lender For Your Perfect Home. Louisiana's Leading Mortgage Broker! Apply Online. Get A Quote. Chat Support Available. Highlights: Offering Low Rates, No SSN Required."
17,Mortgage,https://www.google.com/aclk?sa=l&ai=DChcSEwjss-vRj4_iAhVIPQwKHXTIBhMYABAPGgJxYg&sig=AOD64_0VV8PZJQkR-83oyeU4ooLJ0KkbrA&adurl=&q=,Looking for the Best Mortgage? | Compare Lenders Online & Save‎,Get Your Best Mortgage By Getting Competitive Quotes From Top Lenders
18,Mortgage,https://www.thetop10sites.com/mortgage-loans/best-mortgage-loans-btr.html,7 Best Mortgage Loans 2019 | Starting At 3.63% APR (15 yr)‎,"Compare Top Mortgage Lenders 2019. Lowest Monthly Payments. A+ BBB Rated. Best of 2018. Quickest Approval. Buy Your Home. Find Lowest Rates. Get Preapproved Today. Refinance Your Mortgage. Apply For Free. Mortgage Rates Today. Brands: Lending Tree, Quicken Loans."
19,Mortgage,https://www.consumersadvocate.org/mortgage-rates/a/best-mortgage-rates,10 Best Mortgage Rates 2019 | Compare Current Mortgage Rates‎,"Review 2019's Top 10 Mortgage Rates & Lenders. Comparisons Trusted by Over 20,000,000. 2019's Trusted Online Mortgage Review. Comparisons Trusted by More Than 20,000,000. Rate Comparison. Shop Best Rates. Trusted by 20,000,000+ Fixed Rate or ARM. Traditional or Jumbo. 2019's 10 Best."
20,Mortgage,https://www.google.com/aclk?sa=l&ai=DChcSEwjss-vRj4_iAhVIPQwKHXTIBhMYABAUGgJxYg&sig=AOD64_02JObGOa-3oormmzoz3FgkBgRs2Q&adurl=&q=,Best Mortgage Lenders of 2019 | Lowest Rates From Top Lenders‎,Highest Satisfaction for Mortgage Origination. Apply Online To Enjoy A+ Service! Get Up to Date Best Rates. 1M+ Satisfied Customers. Today's Lowest Rates. We Are The Funding Source. Fast Closing.
